"{'DELTA_T': 0.002, 'LINKED_CELL_SIZE_Y': 31, 'LINKED_CELL_SIZE_X': 31, 'MOL_X': 42, 'MOL_Y': 40, 'TIMESTEPS': 1000, 'DOMAIN_SIZE_X': 43, 'TEMP': 2.5, 'V_x': 1, 'V_y': 1.5, 'CHECKPOINT': 'checkpoints/P0VMMLFY83_999', 'DOMAIN_SIZE_Y': 44, 'DOMAIN_SIZE': 5, 'CUTOFF_RADIUS': 2.0, 'BLOCK_SIZE': 1}",1446.7982540130615
"{'DELTA_T': 0.002, 'LINKED_CELL_SIZE_Y': 36, 'LINKED_CELL_SIZE_X': 21, 'MOL_X': 40, 'MOL_Y': 41, 'TIMESTEPS': 1000, 'DOMAIN_SIZE_X': 44, 'TEMP': 2.5, 'V_x': 1, 'V_y': 1.5, 'CHECKPOINT': 'checkpoints/EUW7N08GQD_999', 'DOMAIN_SIZE_Y': 41, 'DOMAIN_SIZE': 5, 'CUTOFF_RADIUS': 4.5, 'BLOCK_SIZE': 1}",527.3063681125641
"{'DELTA_T': 0.002, 'LINKED_CELL_SIZE_Y': 26, 'LINKED_CELL_SIZE_X': 21, 'MOL_X': 42, 'MOL_Y': 41, 'TIMESTEPS': 1000, 'DOMAIN_SIZE_X': 40, 'TEMP': 2.5, 'V_x': 1, 'V_y': 1.5, 'CHECKPOINT': 'checkpoints/TX65RKKAM3_999', 'DOMAIN_SIZE_Y': 40, 'DOMAIN_SIZE': 5, 'CUTOFF_RADIUS': 3.75, 'BLOCK_SIZE': 10}",77.66551113128662
"{'DELTA_T': 0.002, 'LINKED_CELL_SIZE_Y': 36, 'LINKED_CELL_SIZE_X': 11, 'MOL_X': 42, 'MOL_Y': 44, 'TIMESTEPS': 1000, 'DOMAIN_SIZE_X': 44, 'TEMP': 2.5, 'V_x': 1, 'V_y': 1.5, 'CHECKPOINT': 'checkpoints/8DFSGNILRV_999', 'DOMAIN_SIZE_Y': 42, 'DOMAIN_SIZE': 5, 'CUTOFF_RADIUS': 4.75, 'BLOCK_SIZE': 1}",237.64986515045166
"{'DELTA_T': 0.002, 'LINKED_CELL_SIZE_Y': 16, 'LINKED_CELL_SIZE_X': 11, 'MOL_X': 42, 'MOL_Y': 42, 'TIMESTEPS': 1000, 'DOMAIN_SIZE_X': 44, 'TEMP': 2.5, 'V_x': 1, 'V_y': 1.5, 'CHECKPOINT': 'checkpoints/A54W7Y2SCV_999', 'DOMAIN_SIZE_Y': 43, 'DOMAIN_SIZE': 5, 'CUTOFF_RADIUS': 1.5, 'BLOCK_SIZE': 1}",19.88388991355896
"{'DELTA_T': 0.002, 'LINKED_CELL_SIZE_Y': 16, 'LINKED_CELL_SIZE_X': 26, 'MOL_X': 41, 'MOL_Y': 43, 'TIMESTEPS': 1000, 'DOMAIN_SIZE_X': 40, 'TEMP': 2.5, 'V_x': 1, 'V_y': 1.5, 'CHECKPOINT': 'checkpoints/MCGP05L7Q8_999', 'DOMAIN_SIZE_Y': 42, 'DOMAIN_SIZE': 5, 'CUTOFF_RADIUS': 4.25, 'BLOCK_SIZE': 1}",45.84987211227417
"{'DELTA_T': 0.002, 'LINKED_CELL_SIZE_Y': 11, 'LINKED_CELL_SIZE_X': 36, 'MOL_X': 42, 'MOL_Y': 41, 'TIMESTEPS': 1000, 'DOMAIN_SIZE_X': 40, 'TEMP': 2.5, 'V_x': 1, 'V_y': 1.5, 'CHECKPOINT': 'checkpoints/PYQRTFSES9_999', 'DOMAIN_SIZE_Y': 40, 'DOMAIN_SIZE': 5, 'CUTOFF_RADIUS': 3.25, 'BLOCK_SIZE': 10}",113.09519100189209
"{'DELTA_T': 0.002, 'LINKED_CELL_SIZE_Y': 36, 'LINKED_CELL_SIZE_X': 36, 'MOL_X': 42, 'MOL_Y': 44, 'TIMESTEPS': 1000, 'DOMAIN_SIZE_X': 42, 'TEMP': 2.5, 'V_x': 1, 'V_y': 1.5, 'CHECKPOINT': 'checkpoints/PREOIN4N55_999', 'DOMAIN_SIZE_Y': 43, 'DOMAIN_SIZE': 5, 'CUTOFF_RADIUS': 3.5, 'BLOCK_SIZE': 1}",1763.9229731559753
"{'DELTA_T': 0.002, 'LINKED_CELL_SIZE_Y': 11, 'LINKED_CELL_SIZE_X': 21, 'MOL_X': 40, 'MOL_Y': 40, 'TIMESTEPS': 1000, 'DOMAIN_SIZE_X': 40, 'TEMP': 2.5, 'V_x': 1, 'V_y': 1.5, 'CHECKPOINT': 'checkpoints/CAP5QOY6WB_999', 'DOMAIN_SIZE_Y': 42, 'DOMAIN_SIZE': 5, 'CUTOFF_RADIUS': 1.25, 'BLOCK_SIZE': 1}",26.5052330493927
"{'DELTA_T': 0.002, 'LINKED_CELL_SIZE_Y': 16, 'LINKED_CELL_SIZE_X': 31, 'MOL_X': 42, 'MOL_Y': 42, 'TIMESTEPS': 1000, 'DOMAIN_SIZE_X': 43, 'TEMP': 2.5, 'V_x': 1, 'V_y': 1.5, 'CHECKPOINT': 'checkpoints/FBG9RH9F9S_999', 'DOMAIN_SIZE_Y': 44, 'DOMAIN_SIZE': 5, 'CUTOFF_RADIUS': 2.75, 'BLOCK_SIZE': 1}",145.58539390563965
"{'DELTA_T': 0.002, 'LINKED_CELL_SIZE_Y': 36, 'LINKED_CELL_SIZE_X': 21, 'MOL_X': 42, 'MOL_Y': 44, 'TIMESTEPS': 1000, 'DOMAIN_SIZE_X': 42, 'TEMP': 2.5, 'V_x': 1, 'V_y': 1.5, 'CHECKPOINT': 'checkpoints/3N1056UW63_999', 'DOMAIN_SIZE_Y': 41, 'DOMAIN_SIZE': 5, 'CUTOFF_RADIUS': 4.5, 'BLOCK_SIZE': 1}",677.3588690757751
"{'DELTA_T': 0.002, 'LINKED_CELL_SIZE_Y': 21, 'LINKED_CELL_SIZE_X': 36, 'MOL_X': 44, 'MOL_Y': 44, 'TIMESTEPS': 1000, 'DOMAIN_SIZE_X': 40, 'TEMP': 2.5, 'V_x': 1, 'V_y': 1.5, 'CHECKPOINT': 'checkpoints/5VBV2Q0SH9_999', 'DOMAIN_SIZE_Y': 42, 'DOMAIN_SIZE': 5, 'CUTOFF_RADIUS': 3.0, 'BLOCK_SIZE': 1}",235.4576940536499
"{'DELTA_T': 0.002, 'LINKED_CELL_SIZE_Y': 6, 'LINKED_CELL_SIZE_X': 21, 'MOL_X': 42, 'MOL_Y': 42, 'TIMESTEPS': 1000, 'DOMAIN_SIZE_X': 42, 'TEMP': 2.5, 'V_x': 1, 'V_y': 1.5, 'CHECKPOINT': 'checkpoints/FZKJRNDPEK_999', 'DOMAIN_SIZE_Y': 40, 'DOMAIN_SIZE': 5, 'CUTOFF_RADIUS': 1.5, 'BLOCK_SIZE': 1}",18.002300024032593
"{'DELTA_T': 0.002, 'LINKED_CELL_SIZE_Y': 11, 'LINKED_CELL_SIZE_X': 21, 'MOL_X': 43, 'MOL_Y': 40, 'TIMESTEPS': 1000, 'DOMAIN_SIZE_X': 43, 'TEMP': 2.5, 'V_x': 1, 'V_y': 1.5, 'CHECKPOINT': 'checkpoints/WWTSEL9UVP_999', 'DOMAIN_SIZE_Y': 42, 'DOMAIN_SIZE': 5, 'CUTOFF_RADIUS': 3.5, 'BLOCK_SIZE': 1}",31.177690982818604
"{'DELTA_T': 0.002, 'LINKED_CELL_SIZE_Y': 16, 'LINKED_CELL_SIZE_X': 26, 'MOL_X': 43, 'MOL_Y': 40, 'TIMESTEPS': 1000, 'DOMAIN_SIZE_X': 40, 'TEMP': 2.5, 'V_x': 1, 'V_y': 1.5, 'CHECKPOINT': 'checkpoints/1OMNE09EZM_999', 'DOMAIN_SIZE_Y': 44, 'DOMAIN_SIZE': 5, 'CUTOFF_RADIUS': 4.75, 'BLOCK_SIZE': 1}",53.06396412849426
"{'DELTA_T': 0.002, 'LINKED_CELL_SIZE_Y': 26, 'LINKED_CELL_SIZE_X': 16, 'MOL_X': 42, 'MOL_Y': 43, 'TIMESTEPS': 1000, 'DOMAIN_SIZE_X': 40, 'TEMP': 2.5, 'V_x': 1, 'V_y': 1.5, 'CHECKPOINT': 'checkpoints/16R0XO3AUM_999', 'DOMAIN_SIZE_Y': 40, 'DOMAIN_SIZE': 5, 'CUTOFF_RADIUS': 3.75, 'BLOCK_SIZE': 1}",56.94228386878967
"{'DELTA_T': 0.002, 'LINKED_CELL_SIZE_Y': 36, 'LINKED_CELL_SIZE_X': 21, 'MOL_X': 42, 'MOL_Y': 40, 'TIMESTEPS': 1000, 'DOMAIN_SIZE_X': 44, 'TEMP': 2.5, 'V_x': 1, 'V_y': 1.5, 'CHECKPOINT': 'checkpoints/O5WJXYGQLP_999', 'DOMAIN_SIZE_Y': 43, 'DOMAIN_SIZE': 5, 'CUTOFF_RADIUS': 1.5, 'BLOCK_SIZE': 1}",528.1119050979614
"{'DELTA_T': 0.002, 'LINKED_CELL_SIZE_Y': 36, 'LINKED_CELL_SIZE_X': 36, 'MOL_X': 41, 'MOL_Y': 41, 'TIMESTEPS': 1000, 'DOMAIN_SIZE_X': 41, 'TEMP': 2.5, 'V_x': 1, 'V_y': 1.5, 'CHECKPOINT': 'checkpoints/O0WILJ7YJX_999', 'DOMAIN_SIZE_Y': 40, 'DOMAIN_SIZE': 5, 'CUTOFF_RADIUS': 2.0, 'BLOCK_SIZE': 1}",1450.2322089672089
"{'DELTA_T': 0.002, 'LINKED_CELL_SIZE_Y': 36, 'LINKED_CELL_SIZE_X': 36, 'MOL_X': 40, 'MOL_Y': 44, 'TIMESTEPS': 1000, 'DOMAIN_SIZE_X': 40, 'TEMP': 2.5, 'V_x': 1, 'V_y': 1.5, 'CHECKPOINT': 'checkpoints/DSW8K51UD8_999', 'DOMAIN_SIZE_Y': 43, 'DOMAIN_SIZE': 5, 'CUTOFF_RADIUS': 4.25, 'BLOCK_SIZE': 1}",1611.2272789478302
"{'DELTA_T': 0.002, 'LINKED_CELL_SIZE_Y': 16, 'LINKED_CELL_SIZE_X': 21, 'MOL_X': 44, 'MOL_Y': 44, 'TIMESTEPS': 1000, 'DOMAIN_SIZE_X': 42, 'TEMP': 2.5, 'V_x': 1, 'V_y': 1.5, 'CHECKPOINT': 'checkpoints/JTRRHPT3P8_999', 'DOMAIN_SIZE_Y': 42, 'DOMAIN_SIZE': 5, 'CUTOFF_RADIUS': 3.5, 'BLOCK_SIZE': 1}",55.07321810722351
"{'DELTA_T': 0.002, 'LINKED_CELL_SIZE_Y': 26, 'LINKED_CELL_SIZE_X': 26, 'MOL_X': 43, 'MOL_Y': 42, 'TIMESTEPS': 1000, 'DOMAIN_SIZE_X': 41, 'TEMP': 2.5, 'V_x': 1, 'V_y': 1.5, 'CHECKPOINT': 'checkpoints/ZLJOIILABP_999', 'DOMAIN_SIZE_Y': 44, 'DOMAIN_SIZE': 5, 'CUTOFF_RADIUS': 3.25, 'BLOCK_SIZE': 1}",77.52962899208069
"{'DELTA_T': 0.002, 'LINKED_CELL_SIZE_Y': 31, 'LINKED_CELL_SIZE_X': 31, 'MOL_X': 43, 'MOL_Y': 41, 'TIMESTEPS': 1000, 'DOMAIN_SIZE_X': 42, 'TEMP': 2.5, 'V_x': 1, 'V_y': 1.5, 'CHECKPOINT': 'checkpoints/WQO19Q2JQ6_999', 'DOMAIN_SIZE_Y': 43, 'DOMAIN_SIZE': 5, 'CUTOFF_RADIUS': 3.75, 'BLOCK_SIZE': 1}",1602.2685651779175
"{'DELTA_T': 0.002, 'LINKED_CELL_SIZE_Y': 21, 'LINKED_CELL_SIZE_X': 21, 'MOL_X': 41, 'MOL_Y': 41, 'TIMESTEPS': 1000, 'DOMAIN_SIZE_X': 40, 'TEMP': 2.5, 'V_x': 1, 'V_y': 1.5, 'CHECKPOINT': 'checkpoints/S7VWN9F3T2_999', 'DOMAIN_SIZE_Y': 42, 'DOMAIN_SIZE': 5, 'CUTOFF_RADIUS': 2.75, 'BLOCK_SIZE': 1}",67.07865500450134
"{'DELTA_T': 0.002, 'LINKED_CELL_SIZE_Y': 26, 'LINKED_CELL_SIZE_X': 31, 'MOL_X': 43, 'MOL_Y': 40, 'TIMESTEPS': 1000, 'DOMAIN_SIZE_X': 43, 'TEMP': 2.5, 'V_x': 1, 'V_y': 1.5, 'CHECKPOINT': 'checkpoints/R6NJXOKMU9_999', 'DOMAIN_SIZE_Y': 43, 'DOMAIN_SIZE': 5, 'CUTOFF_RADIUS': 4.5, 'BLOCK_SIZE': 1}",184.589350938797
"{'DELTA_T': 0.002, 'LINKED_CELL_SIZE_Y': 31, 'LINKED_CELL_SIZE_X': 26, 'MOL_X': 42, 'MOL_Y': 41, 'TIMESTEPS': 1000, 'DOMAIN_SIZE_X': 42, 'TEMP': 2.5, 'V_x': 1, 'V_y': 1.5, 'CHECKPOINT': 'checkpoints/AAQ3TRMBDU_999', 'DOMAIN_SIZE_Y': 43, 'DOMAIN_SIZE': 5, 'CUTOFF_RADIUS': 3.0, 'BLOCK_SIZE': 1}",573.8817200660706
"{'DELTA_T': 0.002, 'LINKED_CELL_SIZE_Y': 26, 'LINKED_CELL_SIZE_X': 31, 'MOL_X': 44, 'MOL_Y': 41, 'TIMESTEPS': 1000, 'DOMAIN_SIZE_X': 43, 'TEMP': 2.5, 'V_x': 1, 'V_y': 1.5, 'CHECKPOINT': 'checkpoints/J1KW73WPZJ_999', 'DOMAIN_SIZE_Y': 44, 'DOMAIN_SIZE': 5, 'CUTOFF_RADIUS': 1.5, 'BLOCK_SIZE': 1}",200.82131505012512
"{'DELTA_T': 0.002, 'LINKED_CELL_SIZE_Y': 21, 'LINKED_CELL_SIZE_X': 21, 'MOL_X': 42, 'MOL_Y': 43, 'TIMESTEPS': 1000, 'DOMAIN_SIZE_X': 40, 'TEMP': 2.5, 'V_x': 1, 'V_y': 1.5, 'CHECKPOINT': 'checkpoints/3ZQRSUX5LU_999', 'DOMAIN_SIZE_Y': 44, 'DOMAIN_SIZE': 5, 'CUTOFF_RADIUS': 2.75, 'BLOCK_SIZE': 1}",77.19629001617432
"{'DELTA_T': 0.002, 'LINKED_CELL_SIZE_Y': 36, 'LINKED_CELL_SIZE_X': 16, 'MOL_X': 43, 'MOL_Y': 43, 'TIMESTEPS': 1000, 'DOMAIN_SIZE_X': 43, 'TEMP': 2.5, 'V_x': 1, 'V_y': 1.5, 'CHECKPOINT': 'checkpoints/I16JAPJBFS_999', 'DOMAIN_SIZE_Y': 40, 'DOMAIN_SIZE': 5, 'CUTOFF_RADIUS': 2.5, 'BLOCK_SIZE': 1}",355.3674910068512
"{'DELTA_T': 0.002, 'LINKED_CELL_SIZE_Y': 31, 'LINKED_CELL_SIZE_X': 31, 'MOL_X': 40, 'MOL_Y': 44, 'TIMESTEPS': 1000, 'DOMAIN_SIZE_X': 41, 'TEMP': 2.5, 'V_x': 1, 'V_y': 1.5, 'CHECKPOINT': 'checkpoints/K0FDHG5FGG_999', 'DOMAIN_SIZE_Y': 40, 'DOMAIN_SIZE': 5, 'CUTOFF_RADIUS': 2.75, 'BLOCK_SIZE': 1}",1601.3258609771729
"{'DELTA_T': 0.002, 'LINKED_CELL_SIZE_Y': 31, 'LINKED_CELL_SIZE_X': 11, 'MOL_X': 43, 'MOL_Y': 44, 'TIMESTEPS': 1000, 'DOMAIN_SIZE_X': 42, 'TEMP': 2.5, 'V_x': 1, 'V_y': 1.5, 'CHECKPOINT': 'checkpoints/ONUG71UX2C_999', 'DOMAIN_SIZE_Y': 42, 'DOMAIN_SIZE': 5, 'CUTOFF_RADIUS': 2.0, 'BLOCK_SIZE': 1}",240.29157400131226
"{'DELTA_T': 0.002, 'LINKED_CELL_SIZE_Y': 21, 'LINKED_CELL_SIZE_X': 16, 'MOL_X': 40, 'MOL_Y': 43, 'TIMESTEPS': 1000, 'DOMAIN_SIZE_X': 40, 'TEMP': 2.5, 'V_x': 1, 'V_y': 1.5, 'CHECKPOINT': 'checkpoints/6AWLBD1750_999', 'DOMAIN_SIZE_Y': 42, 'DOMAIN_SIZE': 5, 'CUTOFF_RADIUS': 3.0, 'BLOCK_SIZE': 1}",42.999006032943726
"{'DELTA_T': 0.002, 'LINKED_CELL_SIZE_Y': 36, 'LINKED_CELL_SIZE_X': 31, 'MOL_X': 42, 'MOL_Y': 41, 'TIMESTEPS': 1000, 'DOMAIN_SIZE_X': 42, 'TEMP': 2.5, 'V_x': 1, 'V_y': 1.5, 'CHECKPOINT': 'checkpoints/W5AYXSKZYJ_999', 'DOMAIN_SIZE_Y': 40, 'DOMAIN_SIZE': 5, 'CUTOFF_RADIUS': 4.25, 'BLOCK_SIZE': 1}",1531.1210010051727
"{'DELTA_T': 0.002, 'LINKED_CELL_SIZE_Y': 16, 'LINKED_CELL_SIZE_X': 21, 'MOL_X': 41, 'MOL_Y': 44, 'TIMESTEPS': 1000, 'DOMAIN_SIZE_X': 42, 'TEMP': 2.5, 'V_x': 1, 'V_y': 1.5, 'CHECKPOINT': 'checkpoints/QTCUU29WEP_999', 'DOMAIN_SIZE_Y': 43, 'DOMAIN_SIZE': 5, 'CUTOFF_RADIUS': 2.0, 'BLOCK_SIZE': 1}",46.593876123428345
"{'DELTA_T': 0.002, 'LINKED_CELL_SIZE_Y': 26, 'LINKED_CELL_SIZE_X': 26, 'MOL_X': 41, 'MOL_Y': 44, 'TIMESTEPS': 1000, 'DOMAIN_SIZE_X': 44, 'TEMP': 2.5, 'V_x': 1, 'V_y': 1.5, 'CHECKPOINT': 'checkpoints/4SE1DWV30C_999', 'DOMAIN_SIZE_Y': 40, 'DOMAIN_SIZE': 5, 'CUTOFF_RADIUS': 3.75, 'BLOCK_SIZE': 1}",84.49089193344116
"{'DELTA_T': 0.002, 'LINKED_CELL_SIZE_Y': 36, 'LINKED_CELL_SIZE_X': 11, 'MOL_X': 41, 'MOL_Y': 40, 'TIMESTEPS': 1000, 'DOMAIN_SIZE_X': 44, 'TEMP': 2.5, 'V_x': 1, 'V_y': 1.5, 'CHECKPOINT': 'checkpoints/L1THWHU7LF_999', 'DOMAIN_SIZE_Y': 44, 'DOMAIN_SIZE': 5, 'CUTOFF_RADIUS': 3.0, 'BLOCK_SIZE': 1}",180.36240196228027
"{'DELTA_T': 0.002, 'LINKED_CELL_SIZE_Y': 11, 'LINKED_CELL_SIZE_X': 11, 'MOL_X': 41, 'MOL_Y': 43, 'TIMESTEPS': 1000, 'DOMAIN_SIZE_X': 42, 'TEMP': 2.5, 'V_x': 1, 'V_y': 1.5, 'CHECKPOINT': 'checkpoints/1KON1V6DUG_999', 'DOMAIN_SIZE_Y': 44, 'DOMAIN_SIZE': 5, 'CUTOFF_RADIUS': 1.75, 'BLOCK_SIZE': 1}",14.712975025177002
"{'DELTA_T': 0.002, 'LINKED_CELL_SIZE_Y': 36, 'LINKED_CELL_SIZE_X': 21, 'MOL_X': 43, 'MOL_Y': 40, 'TIMESTEPS': 1000, 'DOMAIN_SIZE_X': 41, 'TEMP': 2.5, 'V_x': 1, 'V_y': 1.5, 'CHECKPOINT': 'checkpoints/OFGTGSDLVR_999', 'DOMAIN_SIZE_Y': 44, 'DOMAIN_SIZE': 5, 'CUTOFF_RADIUS': 4.0, 'BLOCK_SIZE': 1}",571.5733089447021
"{'DELTA_T': 0.002, 'LINKED_CELL_SIZE_Y': 21, 'LINKED_CELL_SIZE_X': 16, 'MOL_X': 44, 'MOL_Y': 43, 'TIMESTEPS': 1000, 'DOMAIN_SIZE_X': 42, 'TEMP': 2.5, 'V_x': 1, 'V_y': 1.5, 'CHECKPOINT': 'checkpoints/WLFGLXNBTC_999', 'DOMAIN_SIZE_Y': 40, 'DOMAIN_SIZE': 5, 'CUTOFF_RADIUS': 3.0, 'BLOCK_SIZE': 1}",51.690999031066895
"{'DELTA_T': 0.002, 'LINKED_CELL_SIZE_Y': 16, 'LINKED_CELL_SIZE_X': 26, 'MOL_X': 44, 'MOL_Y': 41, 'TIMESTEPS': 1000, 'DOMAIN_SIZE_X': 40, 'TEMP': 2.5, 'V_x': 1, 'V_y': 1.5, 'CHECKPOINT': 'checkpoints/GYG7VNJN70_999', 'DOMAIN_SIZE_Y': 40, 'DOMAIN_SIZE': 5, 'CUTOFF_RADIUS': 2.75, 'BLOCK_SIZE': 10}",46.90802502632141
"{'DELTA_T': 0.002, 'LINKED_CELL_SIZE_Y': 36, 'LINKED_CELL_SIZE_X': 36, 'MOL_X': 41, 'MOL_Y': 41, 'TIMESTEPS': 1000, 'DOMAIN_SIZE_X': 43, 'TEMP': 2.5, 'V_x': 1, 'V_y': 1.5, 'CHECKPOINT': 'checkpoints/6JW8UNZZ7O_999', 'DOMAIN_SIZE_Y': 42, 'DOMAIN_SIZE': 5, 'CUTOFF_RADIUS': 2.0, 'BLOCK_SIZE': 1}",1456.5237491130829
"{'DELTA_T': 0.002, 'LINKED_CELL_SIZE_Y': 26, 'LINKED_CELL_SIZE_X': 6, 'MOL_X': 43, 'MOL_Y': 42, 'TIMESTEPS': 1000, 'DOMAIN_SIZE_X': 42, 'TEMP': 2.5, 'V_x': 1, 'V_y': 1.5, 'CHECKPOINT': 'checkpoints/Y94IN2P7OQ_999', 'DOMAIN_SIZE_Y': 43, 'DOMAIN_SIZE': 5, 'CUTOFF_RADIUS': 2.25, 'BLOCK_SIZE': 1}",19.03419280052185
"{'DELTA_T': 0.002, 'LINKED_CELL_SIZE_Y': 11, 'LINKED_CELL_SIZE_X': 21, 'MOL_X': 40, 'MOL_Y': 44, 'TIMESTEPS': 1000, 'DOMAIN_SIZE_X': 41, 'TEMP': 2.5, 'V_x': 1, 'V_y': 1.5, 'CHECKPOINT': 'checkpoints/1PUSFW1D33_999', 'DOMAIN_SIZE_Y': 43, 'DOMAIN_SIZE': 5, 'CUTOFF_RADIUS': 2.5, 'BLOCK_SIZE': 1}",32.36113405227661
"{'DELTA_T': 0.002, 'LINKED_CELL_SIZE_Y': 36, 'LINKED_CELL_SIZE_X': 31, 'MOL_X': 42, 'MOL_Y': 40, 'TIMESTEPS': 1000, 'DOMAIN_SIZE_X': 43, 'TEMP': 2.5, 'V_x': 1, 'V_y': 1.5, 'CHECKPOINT': 'checkpoints/J2G2FYK7O6_999', 'DOMAIN_SIZE_Y': 42, 'DOMAIN_SIZE': 5, 'CUTOFF_RADIUS': 1.25, 'BLOCK_SIZE': 1}",1450.7514200210571
"{'DELTA_T': 0.002, 'LINKED_CELL_SIZE_Y': 36, 'LINKED_CELL_SIZE_X': 36, 'MOL_X': 42, 'MOL_Y': 44, 'TIMESTEPS': 1000, 'DOMAIN_SIZE_X': 42, 'TEMP': 2.5, 'V_x': 1, 'V_y': 1.5, 'CHECKPOINT': 'checkpoints/NK4O9AAKEW_999', 'DOMAIN_SIZE_Y': 41, 'DOMAIN_SIZE': 5, 'CUTOFF_RADIUS': 1.5, 'BLOCK_SIZE': 1}",1772.8155040740967
"{'DELTA_T': 0.002, 'LINKED_CELL_SIZE_Y': 36, 'LINKED_CELL_SIZE_X': 26, 'MOL_X': 43, 'MOL_Y': 41, 'TIMESTEPS': 1000, 'DOMAIN_SIZE_X': 44, 'TEMP': 2.5, 'V_x': 1, 'V_y': 1.5, 'CHECKPOINT': 'checkpoints/D4ZYQVV8EQ_999', 'DOMAIN_SIZE_Y': 42, 'DOMAIN_SIZE': 5, 'CUTOFF_RADIUS': 1.25, 'BLOCK_SIZE': 1}",604.26997590065
"{'DELTA_T': 0.002, 'LINKED_CELL_SIZE_Y': 11, 'LINKED_CELL_SIZE_X': 36, 'MOL_X': 42, 'MOL_Y': 40, 'TIMESTEPS': 1000, 'DOMAIN_SIZE_X': 41, 'TEMP': 2.5, 'V_x': 1, 'V_y': 1.5, 'CHECKPOINT': 'checkpoints/FHRHHCGLJT_999', 'DOMAIN_SIZE_Y': 44, 'DOMAIN_SIZE': 5, 'CUTOFF_RADIUS': 3.25, 'BLOCK_SIZE': 1}",108.28395104408264
"{'DELTA_T': 0.002, 'LINKED_CELL_SIZE_Y': 21, 'LINKED_CELL_SIZE_X': 26, 'MOL_X': 42, 'MOL_Y': 42, 'TIMESTEPS': 1000, 'DOMAIN_SIZE_X': 41, 'TEMP': 2.5, 'V_x': 1, 'V_y': 1.5, 'CHECKPOINT': 'checkpoints/PDT0D9ZY64_999', 'DOMAIN_SIZE_Y': 44, 'DOMAIN_SIZE': 5, 'CUTOFF_RADIUS': 1.25, 'BLOCK_SIZE': 1}",73.01627993583679
"{'DELTA_T': 0.002, 'LINKED_CELL_SIZE_Y': 36, 'LINKED_CELL_SIZE_X': 16, 'MOL_X': 44, 'MOL_Y': 44, 'TIMESTEPS': 1000, 'DOMAIN_SIZE_X': 44, 'TEMP': 2.5, 'V_x': 1, 'V_y': 1.5, 'CHECKPOINT': 'checkpoints/YBMOI2C2CI_999', 'DOMAIN_SIZE_Y': 40, 'DOMAIN_SIZE': 5, 'CUTOFF_RADIUS': 1.5, 'BLOCK_SIZE': 1}",392.43773889541626
"{'DELTA_T': 0.002, 'LINKED_CELL_SIZE_Y': 31, 'LINKED_CELL_SIZE_X': 26, 'MOL_X': 41, 'MOL_Y': 44, 'TIMESTEPS': 1000, 'DOMAIN_SIZE_X': 43, 'TEMP': 2.5, 'V_x': 1, 'V_y': 1.5, 'CHECKPOINT': 'checkpoints/KHOJI7UYGZ_999', 'DOMAIN_SIZE_Y': 40, 'DOMAIN_SIZE': 5, 'CUTOFF_RADIUS': 2.0, 'BLOCK_SIZE': 1}",623.9956390857697
"{'DELTA_T': 0.002, 'LINKED_CELL_SIZE_Y': 6, 'LINKED_CELL_SIZE_X': 21, 'MOL_X': 41, 'MOL_Y': 42, 'TIMESTEPS': 1000, 'DOMAIN_SIZE_X': 41, 'TEMP': 2.5, 'V_x': 1, 'V_y': 1.5, 'CHECKPOINT': 'checkpoints/HPIUESI3GL_999', 'DOMAIN_SIZE_Y': 42, 'DOMAIN_SIZE': 5, 'CUTOFF_RADIUS': 1.25, 'BLOCK_SIZE': 1}",17.456058025360107
"{'DELTA_T': 0.002, 'LINKED_CELL_SIZE_Y': 21, 'LINKED_CELL_SIZE_X': 16, 'MOL_X': 42, 'MOL_Y': 41, 'TIMESTEPS': 1000, 'DOMAIN_SIZE_X': 40, 'TEMP': 2.5, 'V_x': 1, 'V_y': 1.5, 'CHECKPOINT': 'checkpoints/TW2AOXSHBC_999', 'DOMAIN_SIZE_Y': 40, 'DOMAIN_SIZE': 5, 'CUTOFF_RADIUS': 4.5, 'BLOCK_SIZE': 10}",44.128947019577026
"{'DELTA_T': 0.002, 'LINKED_CELL_SIZE_Y': 36, 'LINKED_CELL_SIZE_X': 6, 'MOL_X': 43, 'MOL_Y': 40, 'TIMESTEPS': 1000, 'DOMAIN_SIZE_X': 40, 'TEMP': 2.5, 'V_x': 1, 'V_y': 1.5, 'CHECKPOINT': 'checkpoints/12HG15APN9_999', 'DOMAIN_SIZE_Y': 42, 'DOMAIN_SIZE': 5, 'CUTOFF_RADIUS': 2.5, 'BLOCK_SIZE': 1}",98.65507411956787
"{'DELTA_T': 0.002, 'LINKED_CELL_SIZE_Y': 21, 'LINKED_CELL_SIZE_X': 16, 'MOL_X': 40, 'MOL_Y': 42, 'TIMESTEPS': 1000, 'DOMAIN_SIZE_X': 44, 'TEMP': 2.5, 'V_x': 1, 'V_y': 1.5, 'CHECKPOINT': 'checkpoints/RGJK078IPZ_999', 'DOMAIN_SIZE_Y': 43, 'DOMAIN_SIZE': 5, 'CUTOFF_RADIUS': 1.75, 'BLOCK_SIZE': 1}",40.41811990737915
"{'DELTA_T': 0.002, 'LINKED_CELL_SIZE_Y': 6, 'LINKED_CELL_SIZE_X': 11, 'MOL_X': 42, 'MOL_Y': 44, 'TIMESTEPS': 1000, 'DOMAIN_SIZE_X': 42, 'TEMP': 2.5, 'V_x': 1, 'V_y': 1.5, 'CHECKPOINT': 'checkpoints/WC77QAR13Y_999', 'DOMAIN_SIZE_Y': 43, 'DOMAIN_SIZE': 5, 'CUTOFF_RADIUS': 2.0, 'BLOCK_SIZE': 1}",9.791688919067383
"{'DELTA_T': 0.002, 'LINKED_CELL_SIZE_Y': 31, 'LINKED_CELL_SIZE_X': 11, 'MOL_X': 42, 'MOL_Y': 42, 'TIMESTEPS': 1000, 'DOMAIN_SIZE_X': 42, 'TEMP': 2.5, 'V_x': 1, 'V_y': 1.5, 'CHECKPOINT': 'checkpoints/NHIKN1O5BP_999', 'DOMAIN_SIZE_Y': 40, 'DOMAIN_SIZE': 5, 'CUTOFF_RADIUS': 2.75, 'BLOCK_SIZE': 1}",212.63627290725708
"{'DELTA_T': 0.002, 'LINKED_CELL_SIZE_Y': 16, 'LINKED_CELL_SIZE_X': 11, 'MOL_X': 43, 'MOL_Y': 43, 'TIMESTEPS': 1000, 'DOMAIN_SIZE_X': 42, 'TEMP': 2.5, 'V_x': 1, 'V_y': 1.5, 'CHECKPOINT': 'checkpoints/S1QI3KQXUT_999', 'DOMAIN_SIZE_Y': 41, 'DOMAIN_SIZE': 5, 'CUTOFF_RADIUS': 1.25, 'BLOCK_SIZE': 1}",21.863095998764038
"{'DELTA_T': 0.002, 'LINKED_CELL_SIZE_Y': 31, 'LINKED_CELL_SIZE_X': 21, 'MOL_X': 41, 'MOL_Y': 43, 'TIMESTEPS': 1000, 'DOMAIN_SIZE_X': 41, 'TEMP': 2.5, 'V_x': 1, 'V_y': 1.5, 'CHECKPOINT': 'checkpoints/LBPPIIWBS5_999', 'DOMAIN_SIZE_Y': 41, 'DOMAIN_SIZE': 5, 'CUTOFF_RADIUS': 3.0, 'BLOCK_SIZE': 1}",604.7665231227875
"{'DELTA_T': 0.002, 'LINKED_CELL_SIZE_Y': 11, 'LINKED_CELL_SIZE_X': 21, 'MOL_X': 40, 'MOL_Y': 40, 'TIMESTEPS': 1000, 'DOMAIN_SIZE_X': 41, 'TEMP': 2.5, 'V_x': 1, 'V_y': 1.5, 'CHECKPOINT': 'checkpoints/NQ49U0XOG0_999', 'DOMAIN_SIZE_Y': 43, 'DOMAIN_SIZE': 5, 'CUTOFF_RADIUS': 4.5, 'BLOCK_SIZE': 1}",28.12840509414673
"{'DELTA_T': 0.002, 'LINKED_CELL_SIZE_Y': 16, 'LINKED_CELL_SIZE_X': 11, 'MOL_X': 42, 'MOL_Y': 44, 'TIMESTEPS': 1000, 'DOMAIN_SIZE_X': 43, 'TEMP': 2.5, 'V_x': 1, 'V_y': 1.5, 'CHECKPOINT': 'checkpoints/YSRI9BL94C_999', 'DOMAIN_SIZE_Y': 42, 'DOMAIN_SIZE': 5, 'CUTOFF_RADIUS': 2.25, 'BLOCK_SIZE': 1}",22.395761966705322
"{'DELTA_T': 0.002, 'LINKED_CELL_SIZE_Y': 31, 'LINKED_CELL_SIZE_X': 16, 'MOL_X': 44, 'MOL_Y': 42, 'TIMESTEPS': 1000, 'DOMAIN_SIZE_X': 40, 'TEMP': 2.5, 'V_x': 1, 'V_y': 1.5, 'CHECKPOINT': 'checkpoints/2V1XUMSQW1_999', 'DOMAIN_SIZE_Y': 43, 'DOMAIN_SIZE': 5, 'CUTOFF_RADIUS': 3.25, 'BLOCK_SIZE': 1}",357.88082790374756
"{'DELTA_T': 0.002, 'LINKED_CELL_SIZE_Y': 16, 'LINKED_CELL_SIZE_X': 16, 'MOL_X': 41, 'MOL_Y': 42, 'TIMESTEPS': 1000, 'DOMAIN_SIZE_X': 40, 'TEMP': 2.5, 'V_x': 1, 'V_y': 1.5, 'CHECKPOINT': 'checkpoints/EWHXVQ8EKD_999', 'DOMAIN_SIZE_Y': 44, 'DOMAIN_SIZE': 5, 'CUTOFF_RADIUS': 3.0, 'BLOCK_SIZE': 1}",26.857074975967407
"{'DELTA_T': 0.002, 'LINKED_CELL_SIZE_Y': 31, 'LINKED_CELL_SIZE_X': 36, 'MOL_X': 40, 'MOL_Y': 42, 'TIMESTEPS': 1000, 'DOMAIN_SIZE_X': 41, 'TEMP': 2.5, 'V_x': 1, 'V_y': 1.5, 'CHECKPOINT': 'checkpoints/9LF5EGLMOD_999', 'DOMAIN_SIZE_Y': 40, 'DOMAIN_SIZE': 5, 'CUTOFF_RADIUS': 2.5, 'BLOCK_SIZE': 1}",1448.458858013153
"{'DELTA_T': 0.002, 'LINKED_CELL_SIZE_Y': 26, 'LINKED_CELL_SIZE_X': 31, 'MOL_X': 41, 'MOL_Y': 42, 'TIMESTEPS': 1000, 'DOMAIN_SIZE_X': 42, 'TEMP': 2.5, 'V_x': 1, 'V_y': 1.5, 'CHECKPOINT': 'checkpoints/92CVBPL8ZU_999', 'DOMAIN_SIZE_Y': 43, 'DOMAIN_SIZE': 5, 'CUTOFF_RADIUS': 4.75, 'BLOCK_SIZE': 1}",194.86061811447144
"{'DELTA_T': 0.002, 'LINKED_CELL_SIZE_Y': 16, 'LINKED_CELL_SIZE_X': 16, 'MOL_X': 42, 'MOL_Y': 44, 'TIMESTEPS': 1000, 'DOMAIN_SIZE_X': 43, 'TEMP': 2.5, 'V_x': 1, 'V_y': 1.5, 'CHECKPOINT': 'checkpoints/QMH00A94SO_999', 'DOMAIN_SIZE_Y': 41, 'DOMAIN_SIZE': 5, 'CUTOFF_RADIUS': 1.25, 'BLOCK_SIZE': 1}",29.71383500099182
"{'DELTA_T': 0.002, 'LINKED_CELL_SIZE_Y': 21, 'LINKED_CELL_SIZE_X': 16, 'MOL_X': 40, 'MOL_Y': 43, 'TIMESTEPS': 1000, 'DOMAIN_SIZE_X': 42, 'TEMP': 2.5, 'V_x': 1, 'V_y': 1.5, 'CHECKPOINT': 'checkpoints/V06QOAUEF3_999', 'DOMAIN_SIZE_Y': 44, 'DOMAIN_SIZE': 5, 'CUTOFF_RADIUS': 2.25, 'BLOCK_SIZE': 1}",42.514880895614624
"{'DELTA_T': 0.002, 'LINKED_CELL_SIZE_Y': 21, 'LINKED_CELL_SIZE_X': 21, 'MOL_X': 44, 'MOL_Y': 41, 'TIMESTEPS': 1000, 'DOMAIN_SIZE_X': 43, 'TEMP': 2.5, 'V_x': 1, 'V_y': 1.5, 'CHECKPOINT': 'checkpoints/CWMMAJ1XHU_999', 'DOMAIN_SIZE_Y': 41, 'DOMAIN_SIZE': 5, 'CUTOFF_RADIUS': 4.25, 'BLOCK_SIZE': 1}",78.644611120224
"{'DELTA_T': 0.002, 'LINKED_CELL_SIZE_Y': 36, 'LINKED_CELL_SIZE_X': 21, 'MOL_X': 43, 'MOL_Y': 43, 'TIMESTEPS': 1000, 'DOMAIN_SIZE_X': 44, 'TEMP': 2.5, 'V_x': 1, 'V_y': 1.5, 'CHECKPOINT': 'checkpoints/90CJNZKLQC_999', 'DOMAIN_SIZE_Y': 42, 'DOMAIN_SIZE': 5, 'CUTOFF_RADIUS': 1.25, 'BLOCK_SIZE': 1}",657.8769598007202
"{'DELTA_T': 0.002, 'LINKED_CELL_SIZE_Y': 31, 'LINKED_CELL_SIZE_X': 6, 'MOL_X': 40, 'MOL_Y': 40, 'TIMESTEPS': 1000, 'DOMAIN_SIZE_X': 42, 'TEMP': 2.5, 'V_x': 1, 'V_y': 1.5, 'CHECKPOINT': 'checkpoints/OATMBEVA94_999', 'DOMAIN_SIZE_Y': 41, 'DOMAIN_SIZE': 5, 'CUTOFF_RADIUS': 2.5, 'BLOCK_SIZE': 1}",86.15153503417969
"{'DELTA_T': 0.002, 'LINKED_CELL_SIZE_Y': 16, 'LINKED_CELL_SIZE_X': 21, 'MOL_X': 41, 'MOL_Y': 41, 'TIMESTEPS': 1000, 'DOMAIN_SIZE_X': 41, 'TEMP': 2.5, 'V_x': 1, 'V_y': 1.5, 'CHECKPOINT': 'checkpoints/NDLGL8FEBG_999', 'DOMAIN_SIZE_Y': 42, 'DOMAIN_SIZE': 5, 'CUTOFF_RADIUS': 3.25, 'BLOCK_SIZE': 1}",42.57911682128906
"{'DELTA_T': 0.002, 'LINKED_CELL_SIZE_Y': 21, 'LINKED_CELL_SIZE_X': 31, 'MOL_X': 40, 'MOL_Y': 43, 'TIMESTEPS': 1000, 'DOMAIN_SIZE_X': 41, 'TEMP': 2.5, 'V_x': 1, 'V_y': 1.5, 'CHECKPOINT': 'checkpoints/JW5GGZLOAO_999', 'DOMAIN_SIZE_Y': 42, 'DOMAIN_SIZE': 5, 'CUTOFF_RADIUS': 2.0, 'BLOCK_SIZE': 1}",181.69499683380127
"{'DELTA_T': 0.002, 'LINKED_CELL_SIZE_Y': 21, 'LINKED_CELL_SIZE_X': 36, 'MOL_X': 44, 'MOL_Y': 41, 'TIMESTEPS': 1000, 'DOMAIN_SIZE_X': 41, 'TEMP': 2.5, 'V_x': 1, 'V_y': 1.5, 'CHECKPOINT': 'checkpoints/XMS45NU61U_999', 'DOMAIN_SIZE_Y': 40, 'DOMAIN_SIZE': 5, 'CUTOFF_RADIUS': 2.75, 'BLOCK_SIZE': 1}",202.9916410446167
"{'DELTA_T': 0.002, 'LINKED_CELL_SIZE_Y': 31, 'LINKED_CELL_SIZE_X': 11, 'MOL_X': 40, 'MOL_Y': 41, 'TIMESTEPS': 1000, 'DOMAIN_SIZE_X': 44, 'TEMP': 2.5, 'V_x': 1, 'V_y': 1.5, 'CHECKPOINT': 'checkpoints/TX6G0U4PIV_999', 'DOMAIN_SIZE_Y': 42, 'DOMAIN_SIZE': 5, 'CUTOFF_RADIUS': 1.25, 'BLOCK_SIZE': 1}",178.88337802886963
"{'DELTA_T': 0.002, 'LINKED_CELL_SIZE_Y': 26, 'LINKED_CELL_SIZE_X': 21, 'MOL_X': 41, 'MOL_Y': 40, 'TIMESTEPS': 1000, 'DOMAIN_SIZE_X': 40, 'TEMP': 2.5, 'V_x': 1, 'V_y': 1.5, 'CHECKPOINT': 'checkpoints/J7XIAIVQ5L_999', 'DOMAIN_SIZE_Y': 41, 'DOMAIN_SIZE': 5, 'CUTOFF_RADIUS': 3.5, 'BLOCK_SIZE': 1}",64.19211101531982
"{'DELTA_T': 0.002, 'LINKED_CELL_SIZE_Y': 21, 'LINKED_CELL_SIZE_X': 31, 'MOL_X': 43, 'MOL_Y': 42, 'TIMESTEPS': 1000, 'DOMAIN_SIZE_X': 42, 'TEMP': 2.5, 'V_x': 1, 'V_y': 1.5, 'CHECKPOINT': 'checkpoints/NF0FPLIXNO_999', 'DOMAIN_SIZE_Y': 41, 'DOMAIN_SIZE': 5, 'CUTOFF_RADIUS': 1.5, 'BLOCK_SIZE': 1}",202.25943398475647
"{'DELTA_T': 0.002, 'LINKED_CELL_SIZE_Y': 31, 'LINKED_CELL_SIZE_X': 21, 'MOL_X': 43, 'MOL_Y': 40, 'TIMESTEPS': 1000, 'DOMAIN_SIZE_X': 40, 'TEMP': 2.5, 'V_x': 1, 'V_y': 1.5, 'CHECKPOINT': 'checkpoints/0RUNUN5NOW_999', 'DOMAIN_SIZE_Y': 40, 'DOMAIN_SIZE': 5, 'CUTOFF_RADIUS': 3.5, 'BLOCK_SIZE': 1}",572.519063949585
"{'DELTA_T': 0.002, 'LINKED_CELL_SIZE_Y': 31, 'LINKED_CELL_SIZE_X': 16, 'MOL_X': 43, 'MOL_Y': 41, 'TIMESTEPS': 1000, 'DOMAIN_SIZE_X': 41, 'TEMP': 2.5, 'V_x': 1, 'V_y': 1.5, 'CHECKPOINT': 'checkpoints/AHICNEG98B_999', 'DOMAIN_SIZE_Y': 44, 'DOMAIN_SIZE': 5, 'CUTOFF_RADIUS': 3.0, 'BLOCK_SIZE': 1}",321.5467779636383
"{'DELTA_T': 0.002, 'LINKED_CELL_SIZE_Y': 6, 'LINKED_CELL_SIZE_X': 31, 'MOL_X': 44, 'MOL_Y': 43, 'TIMESTEPS': 1000, 'DOMAIN_SIZE_X': 42, 'TEMP': 2.5, 'V_x': 1, 'V_y': 1.5, 'CHECKPOINT': 'checkpoints/VMWT0WUYWS_999', 'DOMAIN_SIZE_Y': 43, 'DOMAIN_SIZE': 5, 'CUTOFF_RADIUS': 2.5, 'BLOCK_SIZE': 1}",86.69870090484619
"{'DELTA_T': 0.002, 'LINKED_CELL_SIZE_Y': 26, 'LINKED_CELL_SIZE_X': 16, 'MOL_X': 41, 'MOL_Y': 40, 'TIMESTEPS': 1000, 'DOMAIN_SIZE_X': 41, 'TEMP': 2.5, 'V_x': 1, 'V_y': 1.5, 'CHECKPOINT': 'checkpoints/L1JVY1X2SZ_999', 'DOMAIN_SIZE_Y': 44, 'DOMAIN_SIZE': 5, 'CUTOFF_RADIUS': 3.0, 'BLOCK_SIZE': 1}",39.2104549407959
"{'DELTA_T': 0.002, 'LINKED_CELL_SIZE_Y': 21, 'LINKED_CELL_SIZE_X': 11, 'MOL_X': 42, 'MOL_Y': 40, 'TIMESTEPS': 1000, 'DOMAIN_SIZE_X': 42, 'TEMP': 2.5, 'V_x': 1, 'V_y': 1.5, 'CHECKPOINT': 'checkpoints/LFWTI55X3C_999', 'DOMAIN_SIZE_Y': 43, 'DOMAIN_SIZE': 5, 'CUTOFF_RADIUS': 4.0, 'BLOCK_SIZE': 1}",30.645665168762207
"{'DELTA_T': 0.002, 'LINKED_CELL_SIZE_Y': 26, 'LINKED_CELL_SIZE_X': 36, 'MOL_X': 41, 'MOL_Y': 44, 'TIMESTEPS': 1000, 'DOMAIN_SIZE_X': 44, 'TEMP': 2.5, 'V_x': 1, 'V_y': 1.5, 'CHECKPOINT': 'checkpoints/3CUD5VXZ61_999', 'DOMAIN_SIZE_Y': 42, 'DOMAIN_SIZE': 5, 'CUTOFF_RADIUS': 1.5, 'BLOCK_SIZE': 1}",200.44737100601196
"{'DELTA_T': 0.002, 'LINKED_CELL_SIZE_Y': 36, 'LINKED_CELL_SIZE_X': 11, 'MOL_X': 44, 'MOL_Y': 42, 'TIMESTEPS': 1000, 'DOMAIN_SIZE_X': 42, 'TEMP': 2.5, 'V_x': 1, 'V_y': 1.5, 'CHECKPOINT': 'checkpoints/SRX7SVNFNZ_999', 'DOMAIN_SIZE_Y': 41, 'DOMAIN_SIZE': 5, 'CUTOFF_RADIUS': 1.5, 'BLOCK_SIZE': 1}",226.95746183395386
"{'DELTA_T': 0.002, 'LINKED_CELL_SIZE_Y': 36, 'LINKED_CELL_SIZE_X': 36, 'MOL_X': 42, 'MOL_Y': 43, 'TIMESTEPS': 1000, 'DOMAIN_SIZE_X': 42, 'TEMP': 2.5, 'V_x': 1, 'V_y': 1.5, 'CHECKPOINT': 'checkpoints/OGNBPUY2ZR_999', 'DOMAIN_SIZE_Y': 40, 'DOMAIN_SIZE': 5, 'CUTOFF_RADIUS': 3.5, 'BLOCK_SIZE': 1}",1691.712504863739
"{'DELTA_T': 0.002, 'LINKED_CELL_SIZE_Y': 26, 'LINKED_CELL_SIZE_X': 26, 'MOL_X': 44, 'MOL_Y': 40, 'TIMESTEPS': 1000, 'DOMAIN_SIZE_X': 41, 'TEMP': 2.5, 'V_x': 1, 'V_y': 1.5, 'CHECKPOINT': 'checkpoints/97I9578I43_999', 'DOMAIN_SIZE_Y': 42, 'DOMAIN_SIZE': 5, 'CUTOFF_RADIUS': 3.0, 'BLOCK_SIZE': 1}",73.84924292564392
"{'DELTA_T': 0.002, 'LINKED_CELL_SIZE_Y': 6, 'LINKED_CELL_SIZE_X': 26, 'MOL_X': 41, 'MOL_Y': 44, 'TIMESTEPS': 1000, 'DOMAIN_SIZE_X': 44, 'TEMP': 2.5, 'V_x': 1, 'V_y': 1.5, 'CHECKPOINT': 'checkpoints/X7SHWPP24O_999', 'DOMAIN_SIZE_Y': 41, 'DOMAIN_SIZE': 5, 'CUTOFF_RADIUS': 2.5, 'BLOCK_SIZE': 1}",19.159263134002686
"{'DELTA_T': 0.002, 'LINKED_CELL_SIZE_Y': 11, 'LINKED_CELL_SIZE_X': 26, 'MOL_X': 43, 'MOL_Y': 42, 'TIMESTEPS': 1000, 'DOMAIN_SIZE_X': 43, 'TEMP': 2.5, 'V_x': 1, 'V_y': 1.5, 'CHECKPOINT': 'checkpoints/OZ6JF6NCYE_999', 'DOMAIN_SIZE_Y': 42, 'DOMAIN_SIZE': 5, 'CUTOFF_RADIUS': 2.0, 'BLOCK_SIZE': 1}",33.57337284088135
"{'DELTA_T': 0.002, 'LINKED_CELL_SIZE_Y': 11, 'LINKED_CELL_SIZE_X': 26, 'MOL_X': 41, 'MOL_Y': 40, 'TIMESTEPS': 1000, 'DOMAIN_SIZE_X': 41, 'TEMP': 2.5, 'V_x': 1, 'V_y': 1.5, 'CHECKPOINT': 'checkpoints/RWBBKC5EF0_999', 'DOMAIN_SIZE_Y': 40, 'DOMAIN_SIZE': 5, 'CUTOFF_RADIUS': 2.25, 'BLOCK_SIZE': 1}",28.9422869682312
"{'DELTA_T': 0.002, 'LINKED_CELL_SIZE_Y': 11, 'LINKED_CELL_SIZE_X': 11, 'MOL_X': 42, 'MOL_Y': 44, 'TIMESTEPS': 1000, 'DOMAIN_SIZE_X': 42, 'TEMP': 2.5, 'V_x': 1, 'V_y': 1.5, 'CHECKPOINT': 'checkpoints/3SY4SNEIFX_999', 'DOMAIN_SIZE_Y': 41, 'DOMAIN_SIZE': 5, 'CUTOFF_RADIUS': 1.5, 'BLOCK_SIZE': 1}",16.055850982666016
"{'DELTA_T': 0.002, 'LINKED_CELL_SIZE_Y': 16, 'LINKED_CELL_SIZE_X': 36, 'MOL_X': 40, 'MOL_Y': 42, 'TIMESTEPS': 1000, 'DOMAIN_SIZE_X': 40, 'TEMP': 2.5, 'V_x': 1, 'V_y': 1.5, 'CHECKPOINT': 'checkpoints/M987G4GSTL_999', 'DOMAIN_SIZE_Y': 44, 'DOMAIN_SIZE': 5, 'CUTOFF_RADIUS': 3.25, 'BLOCK_SIZE': 1}",132.88045406341553
"{'DELTA_T': 0.002, 'LINKED_CELL_SIZE_Y': 11, 'LINKED_CELL_SIZE_X': 16, 'MOL_X': 43, 'MOL_Y': 44, 'TIMESTEPS': 1000, 'DOMAIN_SIZE_X': 41, 'TEMP': 2.5, 'V_x': 1, 'V_y': 1.5, 'CHECKPOINT': 'checkpoints/3KNGWUD8CE_999', 'DOMAIN_SIZE_Y': 43, 'DOMAIN_SIZE': 5, 'CUTOFF_RADIUS': 1.75, 'BLOCK_SIZE': 1}",22.76109504699707
"{'DELTA_T': 0.002, 'LINKED_CELL_SIZE_Y': 6, 'LINKED_CELL_SIZE_X': 21, 'MOL_X': 44, 'MOL_Y': 43, 'TIMESTEPS': 1000, 'DOMAIN_SIZE_X': 44, 'TEMP': 2.5, 'V_x': 1, 'V_y': 1.5, 'CHECKPOINT': 'checkpoints/XIJYAKICHB_999', 'DOMAIN_SIZE_Y': 40, 'DOMAIN_SIZE': 5, 'CUTOFF_RADIUS': 2.0, 'BLOCK_SIZE': 1}",20.710222005844116
"{'DELTA_T': 0.002, 'LINKED_CELL_SIZE_Y': 36, 'LINKED_CELL_SIZE_X': 16, 'MOL_X': 41, 'MOL_Y': 41, 'TIMESTEPS': 1000, 'DOMAIN_SIZE_X': 40, 'TEMP': 2.5, 'V_x': 1, 'V_y': 1.5, 'CHECKPOINT': 'checkpoints/TDNLS3GVJ2_999', 'DOMAIN_SIZE_Y': 41, 'DOMAIN_SIZE': 5, 'CUTOFF_RADIUS': 4.25, 'BLOCK_SIZE': 1}",289.862468957901
"{'DELTA_T': 0.002, 'LINKED_CELL_SIZE_Y': 26, 'LINKED_CELL_SIZE_X': 26, 'MOL_X': 44, 'MOL_Y': 42, 'TIMESTEPS': 1000, 'DOMAIN_SIZE_X': 41, 'TEMP': 2.5, 'V_x': 1, 'V_y': 1.5, 'CHECKPOINT': 'checkpoints/Z70SFKT9UO_999', 'DOMAIN_SIZE_Y': 42, 'DOMAIN_SIZE': 5, 'CUTOFF_RADIUS': 1.75, 'BLOCK_SIZE': 1}",80.13126516342163
"{'DELTA_T': 0.002, 'LINKED_CELL_SIZE_Y': 16, 'LINKED_CELL_SIZE_X': 21, 'MOL_X': 42, 'MOL_Y': 43, 'TIMESTEPS': 1000, 'DOMAIN_SIZE_X': 42, 'TEMP': 2.5, 'V_x': 1, 'V_y': 1.5, 'CHECKPOINT': 'checkpoints/HVDD7TQPFX_999', 'DOMAIN_SIZE_Y': 43, 'DOMAIN_SIZE': 5, 'CUTOFF_RADIUS': 2.0, 'BLOCK_SIZE': 1}",46.797065019607544
"{'DELTA_T': 0.002, 'LINKED_CELL_SIZE_Y': 21, 'LINKED_CELL_SIZE_X': 11, 'MOL_X': 43, 'MOL_Y': 41, 'TIMESTEPS': 1000, 'DOMAIN_SIZE_X': 43, 'TEMP': 2.5, 'V_x': 1, 'V_y': 1.5, 'CHECKPOINT': 'checkpoints/GO2JQWVWFE_999', 'DOMAIN_SIZE_Y': 40, 'DOMAIN_SIZE': 5, 'CUTOFF_RADIUS': 4.75, 'BLOCK_SIZE': 1}",34.025388956069946
"{'DELTA_T': 0.002, 'LINKED_CELL_SIZE_Y': 16, 'LINKED_CELL_SIZE_X': 6, 'MOL_X': 40, 'MOL_Y': 44, 'TIMESTEPS': 1000, 'DOMAIN_SIZE_X': 44, 'TEMP': 2.5, 'V_x': 1, 'V_y': 1.5, 'CHECKPOINT': 'checkpoints/HHD7KJSTZJ_999', 'DOMAIN_SIZE_Y': 40, 'DOMAIN_SIZE': 5, 'CUTOFF_RADIUS': 1.5, 'BLOCK_SIZE': 1}",11.68156909942627
"{'DELTA_T': 0.002, 'LINKED_CELL_SIZE_Y': 31, 'LINKED_CELL_SIZE_X': 36, 'MOL_X': 44, 'MOL_Y': 42, 'TIMESTEPS': 1000, 'DOMAIN_SIZE_X': 43, 'TEMP': 2.5, 'V_x': 1, 'V_y': 1.5, 'CHECKPOINT': 'checkpoints/FTVV2BU3JP_999', 'DOMAIN_SIZE_Y': 40, 'DOMAIN_SIZE': 5, 'CUTOFF_RADIUS': 1.25, 'BLOCK_SIZE': 1}",1756.6229441165924
"{'DELTA_T': 0.002, 'LINKED_CELL_SIZE_Y': 31, 'LINKED_CELL_SIZE_X': 16, 'MOL_X': 42, 'MOL_Y': 43, 'TIMESTEPS': 1000, 'DOMAIN_SIZE_X': 41, 'TEMP': 2.5, 'V_x': 1, 'V_y': 1.5, 'CHECKPOINT': 'checkpoints/61XU7EA9US_999', 'DOMAIN_SIZE_Y': 43, 'DOMAIN_SIZE': 5, 'CUTOFF_RADIUS': 2.25, 'BLOCK_SIZE': 1}",336.40510392189026
"{'DELTA_T': 0.002, 'LINKED_CELL_SIZE_Y': 21, 'LINKED_CELL_SIZE_X': 11, 'MOL_X': 43, 'MOL_Y': 44, 'TIMESTEPS': 1000, 'DOMAIN_SIZE_X': 43, 'TEMP': 2.5, 'V_x': 1, 'V_y': 1.5, 'CHECKPOINT': 'checkpoints/3E62AVJ7P7_999', 'DOMAIN_SIZE_Y': 43, 'DOMAIN_SIZE': 5, 'CUTOFF_RADIUS': 3.75, 'BLOCK_SIZE': 1}",38.612306118011475
"{'DELTA_T': 0.002, 'LINKED_CELL_SIZE_Y': 11, 'LINKED_CELL_SIZE_X': 26, 'MOL_X': 42, 'MOL_Y': 41, 'TIMESTEPS': 1000, 'DOMAIN_SIZE_X': 44, 'TEMP': 2.5, 'V_x': 1, 'V_y': 1.5, 'CHECKPOINT': 'checkpoints/XF4TSAGO85_999', 'DOMAIN_SIZE_Y': 40, 'DOMAIN_SIZE': 5, 'CUTOFF_RADIUS': 4.25, 'BLOCK_SIZE': 1}",31.937140941619873
"{'DELTA_T': 0.002, 'LINKED_CELL_SIZE_Y': 16, 'LINKED_CELL_SIZE_X': 11, 'MOL_X': 40, 'MOL_Y': 44, 'TIMESTEPS': 1000, 'DOMAIN_SIZE_X': 44, 'TEMP': 2.5, 'V_x': 1, 'V_y': 1.5, 'CHECKPOINT': 'checkpoints/OTINFNLZMF_999', 'DOMAIN_SIZE_Y': 42, 'DOMAIN_SIZE': 5, 'CUTOFF_RADIUS': 3.0, 'BLOCK_SIZE': 1}",20.502073049545288
